Other	The passenger set off the <e1> devices </e1> at Detroit Metropolitan Airport , causing a <e2> commotion </e2> and some injuries .
Other	He also pointed out that on the Sabbath the <e1> priests </e1> broke the commandment with priestly <e2> work </e2> .
Other	The <e1> state </e1> has assembled a $ 230 million incentive <e2> package </e2> to lure the project , which could mean as many as 9000 jobs .
Other	Three shark attacks in 24 hours threw local <e1> people </e1> into <e2> panic </e2> .
Other	For registration purposes , the <e1> property </e1> in a <e2> vessel </e2> is divided into 64 indivisible shares .
Other	Paul Friedrich guides us through a <e1> babel </e1> of <e2> words </e2> , and worlds of the imagination ranging from his translations from five languages -LRB- notably the Russian of his literary studies -RRB- to the poetry of the Indian Mexico of his anthropological field work to America writ large -- super highways , a Vermont farm , father and child .
Other	Baking <e1> soda </e1> safely tackles kitchen <e2> jobs </e2> above and beyond the legendary box at the back of the refrigerator .
Other	It has changed the way I think about the <e1> formation </e1> of <e2> parties </e2> and party systems .
Other	The <e1> baby </e1> is falling into a <e2> sleep </e2> .
Other	In Australia , fifty cent <e1> coins </e1> have been put into <e2> circulation </e2> .
Other	They are navigational <e1> maps </e1> based on realistic <e2> descriptions </e2> of harbours and coasts .
Other	The other countries passed their own <e1> laws </e1> to establish local slave <e2> registries </e2> .
Other	His intellectually engaging books and <e1> essays </e1> remain pertinent to illuminating contemporary <e2> history </e2> .
Other	While many farmers did their <e1> plowing </e1> the land with a single furrow <e2> plow </e2> , some large-scale farmers began to use a multiple share or bukker plow .
Other	The first is that the <e1> ossicles </e1> are caused by an avulsion <e2> fracture </e2> 1,5 and the second is that the ossicles occur as a result of accessory ossification .
Other	The hollow <e1> bar </e1> mounting the cameras encloses a wiring <e2> harness </e2> between the cameras .
Other	The trapped <e1> mass </e1> takes part in the <e2> movement </e2> and therefore contributes to the inertia of the system .
Other	Homeless <e1> teenagers </e1> return home with the help of family <e2> ties </e2> .
Other	In 1905 the <e1> press </e1> reported extensively and vividly on the <e2> disorders </e2> in the cities and countryside , the clamor for basic reform , the political discussions .
Other	A second aspect of the invention provides apparatuses for indicating the position of an <e1> oar </e1> during <e2> rowing </e2> .
Other	Better & Partners Communications is an advertising <e1> agency </e1> specialized in TV <e2> ads </e2> , outdoors , media , marketing , consulting , press , etc. . .
Other	I had told this <e1> headhunter </e1> 's <e2> company </e2> repeatedly that I was only interested in working in the Philadelphia area .
Other	<e1> Physical geography </e1> examines the <e2> natural environment </e2> and how the climate , vegetation & life , soil , water , and landforms are produced and interact .
Other	Other <e1> stations </e1> -LRB- and cable channels -RRB- have spawned imitation <e2> shows </e2> .
Other	The <e1> organizers </e1> of the retreat near Lake Placid threw together a <e2> group </e2> of people on a hunch .
Other	Part of the task which the authors set themselves is the delineation and validation of the idea that a <e1> subculture </e1> of <e2> violence </e2> exists .
Other	A series of steps takes you to the top of the falls where you get a wide and spectacular view of the stone bowl that the <e1> creek </e1> has carved over the <e2> ages </e2> .
Other	In the <e1> poem </e1> , an <e2> albatross </e2> starts to follow a ship - being followed by an albatross was generally considered an omen of good luck .
Other	<e1> Glaucoma </e1> is a group of neurodegenerative <e2> disorders </e2> characterized by the death of retinal ganglion cells and by a specific deformation of the optic nerve .
Other	Nausea is the sensation of unease and <e1> discomfort </e1> from the <e2> stomach </e2> , with the sufferers feeling that they may vomit .
Other	Moreover , it is beyond the power of the State to compel the Syme family to retain their shares or , more importantly , to oblige Mr Macdonald to remain the <e1> chief executive </e1> of this <e2> company </e2> .
Other	The Wal-Mart Supercenter plans to employ as many as 455 associates , including 180 planned new <e1> jobs </e1> created by the <e2> relocation </e2> .
Instrument-Agency(e2,e1)	My grandparents rest beneath a stone that shows a <e1> farmer </e1> plowing with a <e2> mule </e2> , an emblem of the way they began their lives together back in the 1930s .
Instrument-Agency(e2,e1)	Most <e1> dieters </e1> are familiar with the usual weight loss <e2> formula </e2> : proper diet , adequate exercise , and a healthier lifestyle .
Instrument-Agency(e2,e1)	The <e1> user </e1> is cooling a processor with a power usage of 35W , using a conventional <e2> heatsink </e2> .
Instrument-Agency(e2,e1)	America allows the media to manipulate society as easy a <e1> puppeteer </e1> manipulates a <e2> puppet </e2> .
Instrument-Agency(e2,e1)	The <e1> restaurant </e1> first cleaned the floor with a company-approved cleaning <e2> agent </e2> before the COF test was conducted .
Instrument-Agency(e2,e1)	The <e1> therapist </e1> treats the patient with a certain kind of manual <e2> therapy </e2> .
Instrument-Agency(e2,e1)	In July 2004 , the <e1> group </e1> struck again with <e2> bombs </e2> at the U.S. and Israeli Embassies .
Instrument-Agency(e2,e1)	The <e1> owner </e1> uses your <e2> information </e2> solely in order to process your credit card payment .
Instrument-Agency(e2,e1)	Another shows a <e1> worker </e1> with a <e2> cigarette </e2> dangling from his mouth , a lunch box popping out from under a well-muscled arm .
Instrument-Agency(e2,e1)	Three of the <e1> men </e1> flew to Miami on a private <e2> jet </e2> , and the fourth traveled to Honduras on a false U.S. passport .
Instrument-Agency(e2,e1)	As the <e1> policeman </e1> hit her with his <e2> truncheon </e2> , another police officer pushed him away from her and shouted for him to stop .
Instrument-Agency(e2,e1)	Police <e1> officer </e1> uses a Taser stun <e2> gun </e2> to subdue a glass-wielding six-year-old .
Instrument-Agency(e2,e1)	A <e1> hairdresser </e1> fine-tunes your hair color without causing excessive damage by using <e2> toners </e2> .
Instrument-Agency(e2,e1)	The Harper brothers were blindfolded , and swung most of their punches into the air as <e1> seconds </e1> punched them with <e2> gloves </e2> attached to long poles .
Instrument-Agency(e2,e1)	The <e1> military </e1> uses <e2> sandbags </e2> for field fortifications , or as a temporary measure to protect civilian structures .
Instrument-Agency(e2,e1)	The <e1> peasants </e1> used of <e2> donkeys </e2> for cart pulling which not only enables larger quantities of goods to be transported but also allows users to earn extra income .
Instrument-Agency(e2,e1)	A drunk <e1> mother </e1> who killed her fiance by running him over with her <e2> car </e2> outside a pub was jailed for three years today .
Instrument-Agency(e2,e1)	Semiconductor <e1> tech </e1> diagnoses eye disease over the <e2> Internet </e2> .
Instrument-Agency(e2,e1)	Visibly disturbed , the <e1> girl </e1> searched the room with the burning <e2> candle </e2> .
Instrument-Agency(e2,e1)	A <e1> doctor </e1> uses <e2> X-rays </e2> for radiographic diagnostic purposes .
Instrument-Agency(e2,e1)	<e1> Listeners </e1> receive WBAI live over the <e2> internet </e2> -LRB- referred to as `` streaming '' -RRB- , using one of the various audio formats below .
Instrument-Agency(e2,e1)	Beaulieu 's predilection for the work of Hugo was evident in the recurrent use of grotesque or architecturally fantastic pictorial material from the <e1> poet </e1> 's <e2> pen </e2> and ink sketches , with the whale a recurrent figure .
Instrument-Agency(e2,e1)	The <e1> painter </e1> continues adding <e2> paint </e2> on top of still wet paint rather than waiting a lengthy amount of time to allow each layer of paint to dry .
Instrument-Agency(e2,e1)	The <e1> servant </e1> who carves removes the fat with a <e2> spoon </e2> .
Instrument-Agency(e2,e1)	During a dribble the <e1> dribbler </e1> keeps the <e2> ball </e2> on the side of his body that is away from the defender .
Instrument-Agency(e2,e1)	After the pottery is formed , either by a <e1> potter </e1> 's <e2> wheel </e2> or more primitive means , it has been left to thoroughly dry .
Instrument-Agency(e2,e1)	Initially the <e1> user </e1> calibrates the microscope with a fluorescence lifetime <e2> standard </e2> positioned at the sample plane .
Instrument-Agency(e2,e1)	The armed <e1> men </e1> tore down the rear wall using a <e2> sledgehammer </e2> and used a bolt cutter to destroy the detention locks .
Instrument-Agency(e2,e1)	The <e1> motor </e1> turns the panel with the help of the mechanical transmission <e2> system </e2> .
Instrument-Agency(e2,e1)	More recently , starter <e1> manufacturers </e1> have attached the flange with a number of <e2> capscrews </e2> to the main housing thus allowing a finite number of position .
Instrument-Agency(e2,e1)	<e1> Students </e1> locate these cities on the large map -LRB- B2 -RRB- with assistance from the teacher -LRB- B14 -RRB- marking them with colored <e2> pushpins </e2> .
Instrument-Agency(e2,e1)	In the end the most important factor is how the <e1> electrician </e1> 's tool <e2> belt </e2> fits .
Cause-Effect(e2,e1)	Several blocks of flats caught <e1> fire </e1> after the <e2> blaze </e2> spread from a building site in Sumner Road .
Cause-Effect(e2,e1)	Harbor Beach man pleads in <e1> case </e1> that stemmed from dog <e2> attack </e2> on tot .
Cause-Effect(e2,e1)	The <e1> spill </e1> was caused by a <e2> leak </e2> in a Kuwaiti tanker carrying 160,000 tonnes of crude , after it collided with a dredger further south on December 14 .
Cause-Effect(e2,e1)	This paper presents the results of a survey of the building <e1> damage </e1> caused by the ash fall from the cataclysmic <e2> eruption </e2> of Mount Pinatubo .
Cause-Effect(e2,e1)	The <e1> displacement </e1> comes from low <e2> atmospheric pressure </e2> within the centre of the depression .
Cause-Effect(e2,e1)	The overall <e1> damage </e1> caused by the <e2> destruction </e2> of land and property for the Wall 's construction has taken many years to recover further .
Cause-Effect(e2,e1)	Many depression sufferers and their physicians revealed that <e1> insomnia </e1> was caused by <e2> depression </e2> .
Cause-Effect(e2,e1)	The <e1> light </e1> that is currently reaching the Earth was generated in the <e2> sun </e2> approximately 100000 years ago .
Cause-Effect(e2,e1)	To date , all <e1> outbreaks </e1> of the highly pathogenic form of avian influenza have been caused by <e2> viruses </e2> of the H5 and H7 subtypes .
Cause-Effect(e2,e1)	However , a <e1> headache </e1> from <e2> wine </e2> is often stronger and last longer due to several compounds .
Cause-Effect(e2,e1)	Boslough and colleagues achieved fame more than a decade ago by accurately predicting that that the <e1> fireball </e1> caused by the <e2> intersection </e2> of the comet Shoemaker-Levy 9 with Jupiter is observable from Earth .
Cause-Effect(e2,e1)	Asia feels the <e1> pain </e1> caused by the <e2> crisis </e2> but could be poised for rapid recovery .
Cause-Effect(e2,e1)	An oil <e1> spill </e1> caused by a <e2> collision </e2> between a ship and a barge closed the ship channel servicing the nation 's second largest port .
Cause-Effect(e2,e1)	My friend got a <e1> rash </e1> from a mosquito <e2> bite </e2> and Westcort helped her but it left a scar so she also put on Mederma after the rash went away .
Cause-Effect(e2,e1)	<e1> Contractions </e1> of the diaphragm are caused by stimulation of the vagus nerve either by the brain or by <e2> irritation </e2> anywhere along the length of the nerve .
Cause-Effect(e2,e1)	The various forms of idealistic , materialistic and agnostic philosophies are subject to the <e1> tension </e1> caused by the indicated <e2> situation </e2> .
Cause-Effect(e2,e1)	You counted almost thirty-three honorable punches and kicks thrown in this clip of little kid <e1> screaming </e1> after the terrible <e2> fight </e2> .
Cause-Effect(e2,e1)	The <e1> problem </e1> comes from the <e2> widgets </e2> resembling HTC 's own Sense UI widgets .
Cause-Effect(e2,e1)	The <e1> tsunami </e1> was generated by an unusual type of <e2> earthquake </e2> that occurs near oceanic trenches .
Cause-Effect(e2,e1)	The primary electron <e1> beam </e1> was generated by an electrostatically focused electron <e2> gun </e2> , with a rhenium strip cathode .
Cause-Effect(e2,e1)	Some comments from readers highlight the <e1> frustration </e1> and inconvenience caused by the 3-pin <e2> system </e2> .
Cause-Effect(e2,e1)	In the most common form of such an attack , called ischemic stroke , the <e1> blockage </e1> comes from a blood <e2> clot </e2> that develops in one of the brain 's blood vessels .
Cause-Effect(e2,e1)	Eighty percent of the mortgage <e1> fraud </e1> has been caused by the banks and the lending <e2> institutions </e2> .
Cause-Effect(e2,e1)	Aware of the <e1> suffering </e1> caused by unmindful <e2> drinking </e2> , I am committed to cultivate good health , both physical and mental , for myself , my family , and my society .
Cause-Effect(e2,e1)	<e1> Weak ligaments </e1> are caused by <e2> problems </e2> with collagen -LRB- protein fibres in the ligaments -RRB- .
Cause-Effect(e2,e1)	Chronic daily headaches are tension headaches or <e1> headaches </e1> which are caused by taking too many <e2> pain killers </e2> .
Cause-Effect(e2,e1)	The Germanic <e1> migrations </e1> of the fifth century were triggered by the <e2> destruction </e2> of the Gothic kingdoms by the Huns in 372-375 .
Cause-Effect(e2,e1)	After the war , as the Midway was preparing for retirement , she was called upon one last time to the Philippines to help with an <e1> evacuation </e1> after the <e2> eruption </e2> of Mt. Pinatubo .
Cause-Effect(e2,e1)	The best kept secret for avoiding abdominal <e1> weight gain </e1> due to <e2> stress </e2> is the use of adaptogens .
Cause-Effect(e2,e1)	I used to get terrible <e1> headaches </e1> from sinus and <e2> infections </e2> that resulted in taking antibiotics a few times a year .
Cause-Effect(e2,e1)	Each year , many infants and toddlers die due to <e1> suffocation </e1> from <e2> breathing </e2> small objects into their breathing passages and lungs .
Cause-Effect(e2,e1)	But the <e1> discomfort </e1> caused by the <e2> ointment </e2> and the duration of treatment often result in non-compliance .
Entity-Destination(e1,e2)	After wrapping him in a light blanket , they placed the <e1> infant </e1> in the <e2> cradle </e2> his father had carved for him .
Entity-Destination(e1,e2)	The enemy combatant <e1> case </e1> has moved into <e2> civilian courts </e2> .
Entity-Destination(e1,e2)	200 IT <e1> jobs </e1> are going into <e2> schools </e2> in Victoria .
Entity-Destination(e1,e2)	I 've obediently banked in all his cash into my account and put a big fat <e1> cheque </e1> into his <e2> casket </e2> .
Entity-Destination(e1,e2)	Global <e1> oil prolongation </e1> is approaching its <e2> peak </e2> .
Entity-Destination(e1,e2)	The <e1> filters </e1> are going into people 's blood <e2> streams </e2> .
Entity-Destination(e1,e2)	Sufficient coagulation-deficient <e1> fluids </e1> were given to surgical <e2> patients </e2> .
Entity-Destination(e1,e2)	We have drained our <e1> toxins </e1> into Puget <e2> sound </e2> .
Entity-Destination(e1,e2)	Two <e1> deers </e1> ran into <e2> cars </e2> .
Entity-Destination(e1,e2)	A <e1> train </e1> ran into a <e2> truck </e2> , leaving 14 dead .
Entity-Destination(e1,e2)	The <e1> signatures </e1> were fetched into the <e2> cache </e2> together with the instructions .
Entity-Destination(e1,e2)	Multi-keypad <e1> devices </e1> are added into upcoming AT&T <e2> phones </e2> .
Entity-Destination(e1,e2)	The Dissemination <e1> grants </e1> have been awarded to three Idaho public charter <e2> schools </e2> this year .
Entity-Destination(e1,e2)	The <e1> soldiers </e1> moved into the deep <e2> jungle </e2> .
Entity-Destination(e1,e2)	The scientists poured <e1> money </e1> into pint <e2> cancer research </e2> .
Entity-Destination(e1,e2)	The <e1> aircraft </e1> is moved into the <e2> hangar </e2> .
Entity-Destination(e1,e2)	The <e1> passenger </e1> was placed into a small <e2> room </e2> before being transported to Harborview Medical Center for treatment .
Entity-Destination(e1,e2)	The man is draining the <e1> pool water </e1> into the <e2> sanitary sewer </e2> .
Entity-Destination(e1,e2)	The auditor staff rescheduled the <e1> meetings </e1> to <e2> next week </e2> .
Entity-Destination(e1,e2)	Twenty physicists sent <e1> letters </e1> to the <e2> government </e2> as an act of protest .
Entity-Destination(e1,e2)	The <e1> launch </e1> has been rescheduled to <e2> next month </e2> due to bad weather .
Entity-Destination(e1,e2)	The <e1> water </e1> is running into the overflow <e2> pipe </e2> .
Entity-Destination(e1,e2)	Recently , only insignificant <e1> things </e1> arrive to <e2> theatres </e2> .
Entity-Destination(e1,e2)	Fall planting can not be completed before the ground freezes , so I stored the <e1> seeds </e1> in a <e2> stratification unit </e2> until spring .
Entity-Destination(e1,e2)	Some foreign <e1> workers </e1> moved into a converted <e2> dormitory </e2> at Serangoon Gardens estate on Friday .
Entity-Destination(e1,e2)	The <e1> pollution </e1> is being spread to <e2> air </e2> rapidly .
Entity-Destination(e1,e2)	We inserted the <e1> faces </e1> into the provided <e2> templates </e2> .
Entity-Destination(e1,e2)	The <e1> commandos </e1> were dropped into a French nuclear <e2> plant </e2> .
Entity-Destination(e1,e2)	Stroke <e1> patients </e1> have been entered into <e2> hospital </e2> for neuroprotection .
Entity-Destination(e1,e2)	The <e1> shells </e1> landed into different <e2> areas </e2> in Mogadishu .
Entity-Destination(e1,e2)	<e1> Geodiversity </e1> has been added into the <e2> objective </e2> .
Entity-Destination(e1,e2)	The <e1> phone </e1> went into the <e2> washer </e2> .
Content-Container(e1,e2)	We served a bowl of delicious <e1> soup </e1> in a <e2> dish </e2> of ivory china .
Content-Container(e1,e2)	The <e1> sample </e1> was contained in a 5-mm <e2> glass tube </e2> surrounded by oscillator and receiver coils at right angles to one another .
Content-Container(e1,e2)	The <e1> kit </e1> was in a <e2> box </e2> that measured about 18x11x3 .5 inches .
Content-Container(e1,e2)	Along with lots of padding , a <e1> treat </e1> wrapped inside a <e2> towel </e2> was put inside the seat of the stuntman 's pants to entice the dog to bite the padded part .
Content-Container(e1,e2)	The <e1> TV </e1> was in a <e2> cabinet </e2> that you can only see from the bed but not from the side because of the cabinet 's door .
Content-Container(e1,e2)	The <e1> map </e1> was locked in a <e2> safe </e2> in her office .
Content-Container(e1,e2)	The <e1> explosives </e1> were in a <e2> box </e2> covered by sheet metal , while the wooden handle and fuse were those of the stick hand grenade .
Content-Container(e1,e2)	The <e1> detector module </e1> including a preamplifier was inside a <e2> laboratory oven </e2> .
Content-Container(e1,e2)	The <e1> bike </e1> was in a <e2> crate </e2> on the back of a truck .
Content-Container(e1,e2)	The <e1> body </e1> of her nephew was in a <e2> suitcase </e2> under the bed .
Content-Container(e1,e2)	<e1> Fruit </e1> is held in a <e2> chute </e2> or on pack or rotary tables prior to being loaded into a carton .
Content-Container(e1,e2)	The interesting problem with this is that the Oatmeal was in a bowl and the <e1> milk </e1> was in a <e2> cup </e2> .
Content-Container(e1,e2)	The swelling continued so it was time to try the <e1> oils </e1> in a <e2> capsule </e2> .
Content-Container(e1,e2)	Indeed , a green or black basalt heart <e1> scarab </e1> was found put inside the <e2> body </e2> in its place .
Content-Container(e1,e2)	The <e1> bag </e1> was stored in a <e2> sack </e2> .
Content-Container(e1,e2)	I hold the <e1> stocks </e1> in an individual <e2> retirement account </e2> .
Content-Container(e1,e2)	Plus the drink machine was out so my <e1> drink </e1> was in a <e2> can </e2> and they had no ice as well .
Content-Container(e1,e2)	Here is a detective story involving some scientists and their efforts to explain the origins of a mysterious <e1> garment </e1> found in a <e2> reliquary </e2> .
Content-Container(e1,e2)	The entire running <e1> gear </e1> of the engine was enclosed in a copper <e2> case </e2> .
Content-Container(e1,e2)	The <e1> water </e1> was in a <e2> cup </e2> .
Content-Container(e1,e2)	Second , the <e1> car </e1> was in a <e2> crate </e2> , so no one would have been able to climb into it even if he/she had found a way into the cargo hold .
Content-Container(e1,e2)	The <e1> handgun </e1> was discovered inside a sealed Velcro <e2> pocket </e2> on the front driver 's seat .
Content-Container(e1,e2)	The <e1> grenade </e1> was found inside a <e2> sock </e2> Sunday morning .
Content-Container(e1,e2)	The <e1> fridge </e1> was inside a <e2> mahogany case </e2> .
Content-Container(e1,e2)	The <e1> grenade </e1> was inside a <e2> tin </e2> alongside the hotel fence .
Content-Container(e1,e2)	The <e1> file </e1> was in the <e2> desk </e2> of a researcher employed by Kenny MacAskill and Tricia Marwick who had been dismissed earlier in the month .
Content-Container(e1,e2)	After the cashier put the <e1> cash </e1> in a <e2> bag </e2> , the robber saw a bottle of scotch that he wanted behind the counter on the shelf .
Content-Container(e1,e2)	His <e1> body </e1> was inside a <e2> cupboard </e2> in the Jumeirah Carlton Tower Hotel in upmarket Knightsbridge .
Content-Container(e1,e2)	The 2 in 1 <e1> shampoo </e1> and conditioner was in a <e2> bottle </e2> fixed on the shower wall .
Content-Container(e1,e2)	When it arrived , the <e1> kapok fiber </e1> was sealed in vinyl <e2> plastic packets </e2> to prevent exposure to the water .
Content-Container(e1,e2)	There are actual world records for the kookiest hat , the longest time a <e1> message </e1> was in a <e2> bottle </e2> at sea , and the tallest scarecrow .
Content-Container(e1,e2)	But my <e1> soda </e1> was in a <e2> cup </e2> , so no top made it very unwieldy .
Member-Collection(e1,e2)	The average <e1> soldier </e1> joins your <e2> army </e2> for the pay , and if you can not pay him he will walk away and go back to get a job as a farmer or laborer .
Member-Collection(e1,e2)	A growing number of <e1> smallholders </e1> have formed themselves into <e2> associations </e2> to sell tea , sugar , cotton and nuts to processors .
Member-Collection(e1,e2)	All key <e1> suppliers </e1> are part of Toyota 's supplier <e2> association </e2> .
Member-Collection(e1,e2)	This is the basic household return , filled in and signed by the <e1> head </e1> of the <e2> household </e2> .
Member-Collection(e1,e2)	Until the 1960s , rural laborers and <e1> peasants </e1> composed the <e2> majority </e2> of Brazil 's population and yet most scholars have downplayed their influence on the country 's history .
Member-Collection(e1,e2)	Each <e1> organization </e1> that is a member of the <e2> corporation </e2> as provided in the constitution of the corporation is entitled to all the benefits of incorporation under this chapter .
Member-Collection(e1,e2)	<e1> Employees </e1> are the most important part of an <e2> organisation </e2> .
Member-Collection(e1,e2)	<e1> Fish </e1> gather in a <e2> shoal </e2> , a shallow place in a river or lake .
Member-Collection(e1,e2)	I feel honored and take great pride in being the <e1> president </e1> of this <e2> society </e2> , of this family .
Member-Collection(e1,e2)	Luke played the crucial role of <e1> goal-keeper </e1> in the <e2> team </e2> that defeated tournament favourites Croatia 6-4 in the final match .
Member-Collection(e1,e2)	The <e1> president </e1> of this <e2> society </e2> is responsible for presiding over all meetings -LRB- both general and executive -RRB- .
Member-Collection(e1,e2)	Each <e1> wolf </e1> in his <e2> pack </e2> plays a character befitting his social status .
Member-Collection(e1,e2)	<e1> Billionaires </e1> make up India 's <e2> rich list </e2> .
Member-Collection(e1,e2)	He was a <e1> corporal </e1> in the <e2> army </e2> of Sierra Leone , a wedding photographer and cameraman for the State television .
Member-Collection(e1,e2)	In recent years , <e1> opinions </e1> on classical drive theory have fallen into contending <e2> groups </e2> .
Member-Collection(e1,e2)	He claimed to have witnessed terrible abuses in Iraq as a <e1> corporal </e1> in the <e2> army </e2> .
Member-Collection(e1,e2)	My <e1> father </e1> is in a <e2> lunch-group </e2> of old-timey political people called The Sacramento Seminar .
Member-Collection(e1,e2)	Every <e1> municipality </e1> in Ontario is a member of the <e2> corporation </e2> .
Member-Collection(e1,e2)	Three people who are on the verge of giving up life -- a <e1> gangster </e1> in trouble with his <e2> gang </e2> , a doctor who has lost his family , and a woman with a terminal disease -- all meet up by coincidence .
Member-Collection(e1,e2)	A <e1> deputy </e1> from Albania 's ruling <e2> party </e2> assaulted a Balkan Insight editor when he was grilled over a fake law degree .
Member-Collection(e1,e2)	The <e1> chairman </e1> of the <e2> political party </e2> or the independent/primary candidate entitled to representatives , as appropriate , must provide a notice of authorization .
Member-Collection(e1,e2)	The <e1> essays </e1> collected in this <e2> book </e2> -- written by some of the leading experts in the field -- challenge this popular image right at its heart , taking as their starting point that science trades not only in truth , but in fiction , too .
Member-Collection(e1,e2)	About 40 <e1> animals </e1> in a <e2> herd </e2> of 3050 swine herd -LRB- approximately 1.3 % -RRB- contracted the virus .
Member-Collection(e1,e2)	Yet 14 <e1> members </e1> in the Lebanese parliament are from the Hezbollah <e2> party </e2> .
Member-Collection(e1,e2)	Dr. Brian Howard is a remarkably skilled Atlanta plastic <e1> surgeon </e1> who is part of a select <e2> group </e2> of medical professionals who has certification in plastic surgery .
Member-Collection(e1,e2)	To cover all areas , I 've included coffee pot and <e1> cups </e1> in a neat <e2> stack </e2> on the table , so that the meal has both a beginning and an end feel to it .
Member-Collection(e1,e2)	Our <e1> director </e1> is a member of the AEA , NAFSA , and EAIE <e2> organizations </e2> .
Member-Collection(e1,e2)	The Corel data set is relatively simple because the annotations are <e1> nouns </e1> selected from a relatively small <e2> vocabulary </e2> .
Member-Collection(e1,e2)	A happy <e1> resident </e1> feels part of their <e2> association </e2> .
Member-Collection(e1,e2)	Ultimately , a <e1> soldier </e1> joins the <e2> army </e2> and trains to fight .
Member-Collection(e1,e2)	Campbell , from the <e1> congressman </e1> 's own <e2> party </e2> , stepped into the fray , introducing a special bill that made an exception to the general rule in the particular case of the student , Jesus Apodaca .
Member-Collection(e1,e2)	<e1> Fish </e1> swim in a <e2> shoal </e2> , but they fall one by one .
Message-Topic(e1,e2)	<e1> Debate </e1> continues to swirl around the <e2> theory </e2> of evolution Charles Darwin proposed 150 years ago in his groundbreaking book .
Message-Topic(e1,e2)	The second <e1> clause </e1> tells of the <e2> pension </e2> that is the equal of one service-fraction of final compensation .
Message-Topic(e1,e2)	A vibrant collection of oil <e1> paintings </e1> depicting <e2> women </e2> at various stages in life is on display through mid-December .
Message-Topic(e1,e2)	The <e1> excerpt </e1> was speaking about the average processing <e2> times </e2> of Social Security Disability decisions by these aforementioned offices .
Message-Topic(e1,e2)	This is a wholesale <e1> forum </e1> to discuss aspects of business such as <e2> dropshipping </e2> , wholesale buying and selling , reselling , etc. .
Message-Topic(e1,e2)	Other <e1> reports </e1> talk about the former government <e2> troops </e2> that are holding out in other regions of Sierra Leone , particularly the town of Makeni .
Message-Topic(e1,e2)	The <e1> list </e1> highlighted the best new music <e2> talent </e2> for the new year .
Message-Topic(e1,e2)	The first <e1> scene </e1> shows a <e2> meeting </e2> between Axel and a tramp in the street at night-time .
Message-Topic(e1,e2)	The first <e1> chapter </e1> gives an account of the ancient <e2> history </e2> of the country .
Message-Topic(e1,e2)	The latter <e1> course </e1> explained the biological <e2> phenomena </e2> in a mathematical way .
Message-Topic(e1,e2)	This experimental <e1> piece </e1> explored the <e2> use </e2> of indigenous medicinal plants by modern urban cultures .
Message-Topic(e1,e2)	At the heart of the <e1> discussion </e1> was the financial and artistic <e2> crisis </e2> that photojournalism is currently going through .
Message-Topic(e1,e2)	The important thing is to be able to write two or three <e1> sentences </e1> pointing out <e2> similarities </e2> and differences between the poems .
Message-Topic(e1,e2)	It is a 2004 <e1> book </e1> criticizing the political and linguistic <e2> writings </e2> of Noam Chomsky .
Message-Topic(e1,e2)	Some of the <e1> plot </e1> is based on real-life <e2> people </e2> and events .
Message-Topic(e1,e2)	It is a satirical <e1> show </e1> on Quebec television that comments on <e2> current events </e2> by the favour of the show 's main character .
Message-Topic(e1,e2)	The <e1> film </e1> features eight influential contemporary <e2> philosophers </e2> walking around New York .
Message-Topic(e1,e2)	The <e1> file </e1> contains a description of the <e2> settings </e2> that can be altered .
Message-Topic(e1,e2)	Comprehensive <e1> notes </e1> survey the current <e2> state </e2> of the law , raise questions for class discussion , and address the continuing controversies in this field .
Message-Topic(e1,e2)	The <e1> novel </e1> depicts the harsh <e2> life </e2> of workers who worked on a crab-fishing and canning boat in the northern seas of Japan .
Message-Topic(e1,e2)	It allows users to create custom <e1> charts </e1> comparing fuel <e2> properties </e2> and characteristics for multiple alternative fuels .
Message-Topic(e1,e2)	The presented <e1> case study </e1> charts the <e2> route </e2> taken by North Kesteven .
Message-Topic(e1,e2)	The present <e1> study </e1> has been concerned with the <e2> retrieval </e2> of semantic information .
Message-Topic(e1,e2)	The newly elected president is making a <e1> speech </e1> addressing the latest <e2> threat </e2> to this countries economy and people .
Message-Topic(e1,e2)	In this comprehensive <e1> guide </e1> , over 850 <e2> roses </e2> are described , illustrated , and arranged by group .
Message-Topic(e1,e2)	Its <e1> collections </e1> illustrate admirably the <e2> natural history </e2> , archeology and art of Southern India .
Message-Topic(e1,e2)	His graduation <e1> thesis </e1> supplied valuable <e2> background information </e2> on the subject of the duel .
Message-Topic(e1,e2)	The artist 's <e1> installation </e1> studies the <e2> relationships </e2> between man and nature .
Message-Topic(e1,e2)	While the slide was presented , an audio-recorded biographical <e1> script </e1> was played describing the <e2> person </e2> .
Message-Topic(e1,e2)	The announced <e1> plans </e1> absolutely take into account the <e2> needs </e2> of disabled people .
Message-Topic(e1,e2)	Musica International , with its Musicanet website , is a database containing <e1> information </e1> on over 150 ' 000 <e2> works </e2> of the international chorale repertoire .
Message-Topic(e1,e2)	This <e1> information sheet </e1> summarises the <e2> labour environment </e2> in the UK .
Product-Producer(e2,e1)	The R&B <e1> singer </e1> has issued a <e2> statement </e2> expressing remorse ` over what transpired ' and saying he is seeking counselling .
Product-Producer(e2,e1)	This science-fiction thriller by a Seattle author is the story of Jane Charlotte , a young <e1> woman </e1> who tells her increasingly surreal <e2> tale </e2> of murder , kidnapping and an evil tribe of `` bad monkeys '' who are trying to control her actions to a skeptical psychiatrist .
Product-Producer(e2,e1)	For us the term <e1> artists </e1> ' <e2> book </e2> simply means a book made by an artist ; a book made as a work of art rather than as a literary artifact .
Product-Producer(e2,e1)	I did have a mated <e1> pair </e1> of tiger oscars , a mated pair of green terrors , and a mated pair of jack dempseys , who all have spawned <e2> eggs </e2> and hatched fry .
Product-Producer(e2,e1)	A local <e1> man </e1> put up a <e2> monument </e2> at the site , and in 1997 a community group put up a welcoming sign for visitors .
Product-Producer(e2,e1)	When they became adults the <e1> twins </e1> established a <e2> city </e2> .
Product-Producer(e2,e1)	The agitating <e1> students </e1> also put up a <e2> barricade </e2> on the Dhaka-Mymensingh highway disrupting vehicular movement for about two hours from 10:30 am to 12:30 pm .
Product-Producer(e2,e1)	In the Festival Hall 's foyer , alongside videos of Birtwistle cooking pasta , is an exhibition of the versatile <e1> composer </e1> 's <e2> drawings </e2> .
Product-Producer(e2,e1)	The cup 's a bit small but who cares , the <e1> machine </e1> makes <e2> coffee </e2> quickly enough that it 's no problem to just make a second cup .
Product-Producer(e2,e1)	A <e1> factory </e1> for <e2> cars </e2> and spareparts was built in Russia .
Product-Producer(e2,e1)	The <e1> supplier </e1> 's <e2> invoice </e2> is payable within 30 days .
Product-Producer(e2,e1)	Normally , the <e1> bone marrow </e1> produces <e2> stem cells </e2> -LRB- immature cells -RRB- that develop into mature blood cells .
Product-Producer(e2,e1)	When the <e1> statesman </e1> threw together a <e2> draft </e2> of the constitution in 1776 , he probably did not realise he would be working in a couple of the positions specified quite so soon .
Product-Producer(e2,e1)	My <e1> husband </e1> actually made me a teddy <e2> bear </e2> when we got married .
Product-Producer(e2,e1)	<e1> Astrophysicists </e1> have discovered a new <e2> explanation </e2> for the early composition of our solar system .
Product-Producer(e2,e1)	A typical passage on these themes is found in the <e1> saint </e1> 's <e2> letter </e2> to the Christians in the city of Magnesia .
Product-Producer(e2,e1)	Having done this , the <e1> society </e1> of agents has constructed a valid <e2> plan </e2> to deliver the set of initial orders and has reached a state of equilibrium in the sense of -LRB- Ste90 -RRB- .
Product-Producer(e2,e1)	The <e1> factory </e1> 's products have included flower pots , Finnish rooster-whistles , pans , <e2> trays </e2> , tea pots , ash trays and air moisturisers .
Product-Producer(e2,e1)	The <e1> boy </e1> who made the <e2> threat </e2> was arrested , charged , and had items confiscated from his home .
Product-Producer(e2,e1)	The <e1> factory </e1> produced British military <e2> rifles </e2> , muskets and swords from 1816 .
Product-Producer(e2,e1)	A powder blue suit and a silver chain mail vest were two of the <e1> designer </e1> 's more subdued <e2> creations </e2> on sale .
Product-Producer(e2,e1)	The <e1> lady </e1> made the <e2> photocopies </e2> , pushed a few more keys on her computer , and shuffled some papers around .
Product-Producer(e2,e1)	Angela works with <e1> authors </e1> who 've completed a nonfiction <e2> book </e2> , and also with authors who are just in the planning stages .
Product-Producer(e2,e1)	Myoats is a community where <e1> people </e1> create <e2> designs </e2> using an online drawing application .
Product-Producer(e2,e1)	The Islamist <e1> group </e1> which provoked outrage with its <e2> plan </e2> to march through Wootton Bassett was banned .
Product-Producer(e2,e1)	The <e1> fireman </e1> 's <e2> report </e2> for the afternoon of January 11th stated the Banbury seam to be in good condition with no gas and good ventilation .
Product-Producer(e2,e1)	The years of the first postwar five-year plan saw a vigorous rise in the <e1> factory </e1> 's output of <e2> equipment </e2> for the chemical , metallurgical , coal and petroleum industries .
Product-Producer(e2,e1)	He was a maker of things , a <e1> builder </e1> of <e2> institutions </e2> , a harvester and disseminator and progenitor of ideas and the means whereby those ideas were made flesh .
Product-Producer(e2,e1)	A <e1> songwriter </e1> is someone who writes the <e2> lyrics </e2> , as well as the musical composition or melody to songs .
Product-Producer(e2,e1)	Then , while you relax , the <e1> chef </e1> prepares the <e2> meal </e2> and serves it , restaurant-style .
Product-Producer(e2,e1)	While the Yale <e1> biologists </e1> created the versatile protein <e2> mimic </e2> from DNA , Breaker theorizes that a similar enzyme could be created with RNA , which many scientists believe is the strongest candidate for being the precursor of all other life forms .
Product-Producer(e2,e1)	The HP LaserJet 3800n 's instant-on <e1> fuser </e1> produces the first <e2> page </e2> of each print job in less than 12.5 seconds .
Member-Collection(e2,e1)	Other ritual practices attributed to berserks represent the initiation of the young warrior into a <e1> band </e1> of <e2> berserkers </e2> .
Member-Collection(e2,e1)	Unfortunately on the right flank a <e1> unit </e1> of dismounted <e2> grenadiers </e2> were spotted by a Tau Piranha team supported by Kroot .
Member-Collection(e2,e1)	You needed a glamour cat to purr in this <e1> kennel </e1> of hungry <e2> hounds </e2> .
Member-Collection(e2,e1)	The first fighter <e1> wing </e1> of these <e2> planes </e2> is already in service .
Member-Collection(e2,e1)	In one place the sea had a sweep fifteen feet of the were upturned , and a big <e1> pile </e1> of human <e2> bones </e2> was exhumed .
Member-Collection(e2,e1)	The Republican Party of Pennsylvania has a strong <e1> slate </e1> of endorsed judicial <e2> candidates </e2> running for statewide office .
Member-Collection(e2,e1)	I went with a few friends up to the sky pool bar area , proceeded to order a <e1> round </e1> of cocktail <e2> drinks </e2> and had to wait a considerable amount of time for them .
Member-Collection(e2,e1)	The executive <e1> committee </e1> is composed of the <e2> president </e2> , vice presidents from the 10 largest affiliates , and nine other vice presidents chosen in consultation .
Member-Collection(e2,e1)	Ellis was one of the so called <e1> bratpack </e1> of American <e2> authors </e2> of the 1980 's along with Jay McInerney and Tama Janowitz .
Member-Collection(e2,e1)	During play , I ingested a large <e1> sloth </e1> of Gummi <e2> bears </e2> in my efforts to help ward off a potential Jon Lee `` 10-0 '' train .
Member-Collection(e2,e1)	This classic Huffman photograph pictures the cow hands on their way to set up camp with their <e1> remuda </e1> of <e2> geldings </e2> trailing behind .
Member-Collection(e2,e1)	So when William did cross the Boyne on July 1st 1690 , he had an army consisting of the <e1> riffraff </e1> of Europe 's <e2> mercenaries </e2> .
Member-Collection(e2,e1)	A <e1> battery </e1> of <e2> barracudas </e2> relies on ambush .
Member-Collection(e2,e1)	There was an ancient-looking small shrine there in the ground , and they found an <e1> earth </e1> of <e2> foxes </e2> under its floor .
Member-Collection(e2,e1)	Seth tends to devote his affections to his <e1> float </e1> of <e2> crocodiles </e2> that live in the tiny swampland on seabat isle .
Member-Collection(e2,e1)	Its <e1> menu </e1> includes customary Chinese <e2> dishes </e2> , such as sweet and sour pork and cashew chicken , but it also lists some uncommon choices such as lemongrass chicken and kung pao triple delight .
Member-Collection(e2,e1)	The data provided powerful evidence that the unusual meteorite was the result of a long-lasting <e1> rain </e1> of <e2> meteorites </e2> following the destruction of an asteroid .
Member-Collection(e2,e1)	Redwood Canyon is home to the world 's largest <e1> grove </e1> of <e2> sequoias </e2> .
Member-Collection(e2,e1)	Kurosawa hired a <e1> legion </e1> of <e2> marksmen </e2> to fire arrows at his lead actor .
Member-Collection(e2,e1)	It was an immense <e1> flight </e1> of <e2> gulls </e2> , seamews , and cormorants ; a vast multitude of affrighted sea birds .
Member-Collection(e2,e1)	We have assembled a <e1> brigade </e1> of high-profile master <e2> chefs </e2> who are creating a menu that - like Ballet Kelowna itself - exemplifies the very best of where we live .
Member-Collection(e2,e1)	His ninth novel , The Echo Maker , starts with a <e1> siege </e1> of sandhill <e2> cranes </e2> , a one-vehicle highway accident and a mystery .
Member-Collection(e2,e1)	On the Seleucid right flank Atticus deployed the elite companions screened by a single <e1> unit </e1> of Scythian horse <e2> archers </e2> .
Member-Collection(e2,e1)	The story of the epic struggle between the Islamic Empire of the Ottomans and the Christian Kingdoms of Eastern Europe is told from the perspective of a secret fraternity , the Excubitors , a <e1> brotherhood </e1> of <e2> counselors </e2> to kings , sultans , head of churches , knights , scholars , financiers , and merchant adventurers who hold influential positions on both sides of the conflict .
Member-Collection(e2,e1)	They are the biggest <e1> bunch </e1> of <e2> crybabies </e2> I have dealt with in my 30 years in Washington .
Member-Collection(e2,e1)	I was hoping to find yet another <e1> bed </e1> of <e2> clams </e2> , but no luck .
Member-Collection(e2,e1)	This painting depicts a swooping falcon with its claws bared pursuing a <e1> host </e1> of nine <e2> sparrows </e2> in frightened flight , the two forming an energetic arc enriched by the lifted right wing of the falcon and the panicked sparrows dispersed in all directions .
Member-Collection(e2,e1)	His poetry began enjoying increasing success , and in 1933 he was able to earn his living exclusively from his writings , joining the <e1> collective </e1> of young <e2> writers </e2> at the magazine Ogonyok .
Member-Collection(e2,e1)	We have a <e1> congress </e1> of different <e2> nations </e2> and congress within nations and some sports congress .
Member-Collection(e2,e1)	So it was that in 1724 at the age of 17 a somewhat awkward , refined young man took his place at the <e1> mess </e1> of <e2> officers </e2> much older , wiser , and harder than he .
Member-Collection(e2,e1)	In the Age of Myth , a <e1> clan </e1> of <e2> berserkers </e2> made war against a druidic order .
Member-Collection(e2,e1)	It has been nearly 40 years since former U.S. president Lyndon Johnson convened the <e1> skulk </e1> of veteran <e2> foxes </e2> for the fateful consultation on November 2 , 1967 , on the issue of the Vietnam War .
Cause-Effect(e1,e2)	Small <e1> particles </e1> , grime and dirt cause friction and microscopic <e2> scratches </e2> that over time destroy the performance of equipment .
Cause-Effect(e1,e2)	Recently , <e1> marketing spending </e1> translated into <e2> revenue </e2> .
Cause-Effect(e1,e2)	The <e1> clock </e1> struck twelve with a loud <e2> chime </e2> that made me jump .
Cause-Effect(e1,e2)	The chemical <e1> reaction </e1> in the water caused a bubbling <e2> affect </e2> on the surface .
Cause-Effect(e1,e2)	Unemployment , <e1> debt </e1> and poverty cause enormous <e2> stress </e2> .
Cause-Effect(e1,e2)	They are all in on it and the same <e1> people </e1> who caused the <e2> destruction </e2> of the economy are still running the show so they can keep us down and buy up the country cheap .
Cause-Effect(e1,e2)	Both <e1> bacteria </e1> cause <e2> mortality </e2> in target species via a lethal septicaemia as a result of spore germination .
Cause-Effect(e1,e2)	Nasal <e1> dryness </e1> causes nosebleeds , <e2> coughing </e2> , wheezing , and other short-term respiratory problems .
Cause-Effect(e1,e2)	The <e1> species </e1> makes a squelching <e2> noise </e2> .
Cause-Effect(e1,e2)	The <e1> addition </e1> of water to the tank caused a runaway chemical <e2> reaction </e2> , resulting in a rapid rise in pressure and temperature .
Cause-Effect(e1,e2)	The <e1> drugs </e1> cause <e2> unconsciousness </e2> and cardiac arrest separately .
Cause-Effect(e1,e2)	The large anti-neutrino <e1> component </e1> is the source of an irreducible <e2> background </e2> .
Cause-Effect(e1,e2)	This article discusses the ethics of the Soldier of Fortune 's guns-for-hire <e1> advertisements </e1> that resulted in several <e2> murders </e2> across the United States .
Cause-Effect(e1,e2)	When the first model sank in August 1991 , the <e1> crash </e1> caused a <e2> seismic event </e2> registering 3.0 on the Richter scale , and left nothing but a pile of debris at 220m of depth .
Cause-Effect(e1,e2)	The <e1> drugs </e1> he sold had caused the overdose <e2> death </e2> of Matthew Lessard , 19 , of Lowell .
Cause-Effect(e1,e2)	The <e1> outbreak </e1> resulted in 256 deaths and 3,402 <e2> injuries </e2> .
Cause-Effect(e1,e2)	The continuous <e1> rains </e1> had caused the <e2> overflow </e2> of Sulangaling River , a creek of the Muara Batang .
Cause-Effect(e1,e2)	Student <e1> protests </e1> are turning into a Twitter <e2> revolution </e2> in Moldova .
Cause-Effect(e1,e2)	Both <e1> colds </e1> and flu cause <e2> inflammation </e2> of the mucous membranes -LRB- found in the nose , throat and mouth -RRB- .
Cause-Effect(e1,e2)	As I pulled unit apart the small fan on top of light was caked with dust , the <e1> heat </e1> caused a little <e2> discoloration </e2> on the difusing lense .
Cause-Effect(e1,e2)	No water enters the inside of the dishwasher , and the <e1> motor </e1> makes a <e2> sound </e2> as if under strain .
Cause-Effect(e1,e2)	The confrontation between Martyn and Liz earlier ended with a <e1> struggle </e1> that resulted in Martyn 's <e2> drowning </e2> .
Cause-Effect(e1,e2)	Financial <e1> stress </e1> is one of the main causes of <e2> divorce </e2> .
Cause-Effect(e1,e2)	My problem is that the <e1> advertisement </e1> gives the <e2> impression </e2> that women in rural Bangladesh have 6 children .
Cause-Effect(e1,e2)	The <e1> crashes </e1> resulted in the <e2> collapse </e2> of much of the World Trade Center complex , the destruction of part of the southwest side of the Pentagon .
Cause-Effect(e1,e2)	Morton 's <e1> neuroma </e1> is the most common cause of localized <e2> pain </e2> in the third interspace and these diagnostic tests produce good indications of the condition .
Cause-Effect(e1,e2)	Head <e1> injuries </e1> are a common cause of <e2> unconsciousness </e2> and they occur in many sports like rugby and boxing .
Cause-Effect(e1,e2)	Seborrheic <e1> dermatitis </e1> is one of the causes for <e2> dandruff </e2> .
Cause-Effect(e1,e2)	When they took the floor against a team favored to win the national championship , the <e1> patriots </e1> radiated carefree <e2> confidence </e2> .
Cause-Effect(e1,e2)	Beauty had scarcely uttered these words when the <e1> castle </e1> radiated with <e2> light </e2> .
Cause-Effect(e1,e2)	As we saw earlier , <e1> helicobacter </e1> is responsible for causing stomach <e2> ulcer </e2> .
Cause-Effect(e1,e2)	<e1> Lesions </e1> restricted to the rear portion of the medial part of the precentral gyrus caused a contralateral predominantly distal <e2> leg weakness </e2> .
Component-Whole(e1,e2)	The <e1> rod </e1> of the <e2> piston </e2> , which is connected to the nose steering spindle , causes it to pivot at point X .
Component-Whole(e1,e2)	<e1> Poems </e1> are published on this <e2> site </e2> purely for educational reasons , for the purpose of information and with good intentions .
Component-Whole(e1,e2)	The various <e1> sensors </e1> and fuses of this <e2> coffeemaker </e2> lie in the white sheathing bridging the heating element .
Component-Whole(e1,e2)	The memory compartment is placed in the <e1> handgrip </e1> of the <e2> camera </e2> .
Component-Whole(e1,e2)	The first bank in Loudoun County , the short-lived Loudoun Company , held meetings in the <e1> cellar </e1> of this <e2> dwelling </e2> beginning around 1815 , hence the name Bank House .
Component-Whole(e1,e2)	So , it is quite possible for `` nonviolence '' and `` grave violence '' to slip back and forth in the <e1> mouth </e1> of the same <e2> person </e2> .
Component-Whole(e1,e2)	Luckily , the <e1> timer </e1> of the <e2> bomb </e2> had malfunctioned and it had not caused further damage .
Component-Whole(e1,e2)	The roaring chainsword bit into the <e1> haft </e1> of the <e2> axe </e2> , just below the massive blade .
Component-Whole(e1,e2)	Jack and Jill are lying on the <e1> floor </e1> inside the <e2> house </e2> dead .
Component-Whole(e1,e2)	The <e1> lid </e1> of the anthropoid <e2> coffin </e2> of Khonstefnakht dates from the 4th century BC .
Component-Whole(e1,e2)	When approaching the Observatory , they unlock the <e1> padlock </e1> on the <e2> gate </e2> of the security fence , and entered the Observatory grounds and relock the gate .
Component-Whole(e1,e2)	The qualitative <e1> chapters </e1> appear earlier in the <e2> book </e2> and focus on the issue of political legitimacy . re the `` core '' of this fundamental handbook on heterogeneous catalysis .
Component-Whole(e1,e2)	They learned that some <e1> herbs </e1> and flowers planted in the <e2> garden </e2> help to control pests .
Component-Whole(e1,e2)	Rudders and <e1> skegs </e1> improve the control over your <e2> kayak </e2> .
Component-Whole(e1,e2)	The <e1> welcome speech </e1> of the <e2> conference </e2> was referred by the president of VSE prof. Ing . Richard Hindls , CSc .
Component-Whole(e1,e2)	They looked very closely at the <e1> white </e1> of the <e2> eye </e2> , and saw lines that look like tiny pink threads .
Component-Whole(e1,e2)	A talon is the <e1> claw </e1> of a <e2> bird </e2> of prey .
Component-Whole(e1,e2)	The momentum of their movement breaks the circle as the <e1> arm </e1> of the foreground <e2> dancer </e2> reaches out .
Component-Whole(e1,e2)	You shaped the <e1> bristles </e1> of the <e2> brush </e2> with clean lather still in it .
Component-Whole(e1,e2)	The <e1> pins </e1> of this <e2> socket </e2> are as thick as the pins of an IC .
Component-Whole(e1,e2)	He hold the <e1> body </e1> of the <e2> plane </e2> loosely between two fingers with the nose of the plane pointing toward the floor .
Component-Whole(e1,e2)	The <e1> fastener </e1> and delivery mechanism are core components of the EndoGastric Solutions <e2> platform </e2> , which will continue to spawn a range of innovative products for NOS .
Component-Whole(e1,e2)	The tailpiece anchors the strings to the lower <e1> bout </e1> of the <e2> violin </e2> by means of the tailgut .
Component-Whole(e1,e2)	The <e1> ozone layer </e1> is a relatively small constitute part of the Earth 's <e2> atmosphere </e2> , although it accounts for a large protection measure .
Component-Whole(e1,e2)	Issues are presented concerning the importance of annually inspecting the <e1> centerboard </e1> on a <e2> yacht </e2> .
Component-Whole(e1,e2)	It was Sean who first spun the <e1> cylinder </e1> of the <e2> revolver </e2> , put the eight-inch barrel to his head and pulled the trigger .
Component-Whole(e1,e2)	The site has free galleries of pics of guys showing the <e1> waistband </e1> of their <e2> underwear </e2> above their jeans .
Component-Whole(e1,e2)	The picture below shows a view chapel and west range of the inner <e1> courtyard </e1> of the <e2> castle </e2> .
Component-Whole(e1,e2)	The <e1> campaign </e1> is part of the European e-Inclusion <e2> initiative </e2> , which seeks to build on all existing e-Inclusion activities and identify synergies between them and improvements in overall e-Inclusion impact .
Component-Whole(e1,e2)	Felt dots are embroidered on the front and <e1> sleeves </e1> of this <e2> sweater </e2> , adding an extra dimension of fun .
Component-Whole(e1,e2)	The two <e1> pillars </e1> of the <e2> temple </e2> reinforce the theme of polarity .
Component-Whole(e1,e2)	The <e1> point </e1> of the <e2> pen </e2> is in good writing position if the tip is anywhere from A to B .
Message-Topic(e2,e1)	This article lists people whose <e1> artwork </e1> has been featured on <e2> stamps </e2> of the United States .
Message-Topic(e2,e1)	The doctors , who are behind the <e1> motion </e1> being discussed at the <e2> conference </e2> , are unhappy about the guidance that has been issued .
Message-Topic(e2,e1)	He painted the picture of a typical middle-class family <e1> evening </e1> in a <e2> letter </e2> to the editor .
Message-Topic(e2,e1)	The themes of <e1> sex </e1> , death and growing older are explored in new <e2> works </e2> by poet Mark Doty .
Message-Topic(e2,e1)	The <e1> restaurant </e1> is advertised by the official municipal <e2> website </e2> .
Message-Topic(e2,e1)	In recent months , <e1> civility </e1> has been a topic of much <e2> discussion </e2> in the newspapers .
Message-Topic(e2,e1)	The <e1> seminar </e1> was well advertised by big <e2> banners </e2> in red .
Message-Topic(e2,e1)	The early <e1> aims </e1> and objectives of cooperatives have been considered in the first <e2> chapter </e2> of this book .
Message-Topic(e2,e1)	His <e1> efforts </e1> were documented in the <e2> diaries </e2> of his sister Katherine .
Message-Topic(e2,e1)	The <e1> story </e1> is being discussed on message <e2> boards </e2> .
Message-Topic(e2,e1)	The <e1> movie </e1> received poor <e2> review </e2> from critics .
Message-Topic(e2,e1)	These are just some of the <e1> questions </e1> tackled in the <e2> exhibition </e2> .
Message-Topic(e2,e1)	This website is dedicated to providing quality <e1> addiction </e1> related <e2> information </e2> and drug and alcohol treatment program listings .
Message-Topic(e2,e1)	The <e1> initiative </e1> was outlined in a <e2> speech </e2> delivered by Saudi Crown Prince Abdullah on Wednesday .
Message-Topic(e2,e1)	Germans complained bitterly in the Rostrum newspapers , and these <e1> complaints </e1> were reflected in propaganda <e2> films </e2> regarding soldiers from the French colonial .
Message-Topic(e2,e1)	Lambert 's wartime <e1> experiences </e1> were related in his excellent 1973 <e2> memoir </e2> .
Message-Topic(e2,e1)	First , a comprehensive literature review was conducted and <e1> results </e1> were presented in the previous <e2> chapter </e2> .
Message-Topic(e2,e1)	The <e1> device </e1> shown in the <e2> figure </e2> rotates .
Message-Topic(e2,e1)	The <e1> issue </e1> of the legitimacy of Kosovo 's declaration of independence is now under <e2> discussion </e2> by the International Court of Justice .
Message-Topic(e2,e1)	Samples of <e1> good practice </e1> were highlighted through <e2> film clips </e2> presented to the audience .
Message-Topic(e2,e1)	The <e1> disparity </e1> became the topic for her doctoral <e2> dissertation </e2> .
Message-Topic(e2,e1)	Literary critics have examined many <e1> themes </e1> in the <e2> novel </e2> .
Message-Topic(e2,e1)	Most <e1> health </e1> related <e2> data </e2> has been developed by using animal models .
Message-Topic(e2,e1)	Difficult <e1> passages </e1> have been explained in <e2> footnotes </e2> .
Message-Topic(e2,e1)	Related <e1> questions </e1> form the subject of the next <e2> chapter </e2> .
Message-Topic(e2,e1)	The <e1> problems </e1> of crime and the quality of justice have become central issues in public <e2> debate </e2> .
Message-Topic(e2,e1)	Their <e1> marriage </e1> became the topic of <e2> conversation </e2> in all circles of society .
Message-Topic(e2,e1)	The essential <e1> information </e1> is found in the second <e2> sentence </e2> .
Message-Topic(e2,e1)	Philip Collins discusses the apparent <e1> decline </e1> in rhetoric in a <e2> speech </e2> given at Radio 3 .
Message-Topic(e2,e1)	The <e1> government </e1> was criticised in a radio <e2> debate </e2> .
Message-Topic(e2,e1)	<e1> Results </e1> from this testing were presented in a previous technical progress <e2> report </e2> for this project .
Message-Topic(e2,e1)	Cox examined the current financial regulatory <e1> structure </e1> and pointed towards its very immediate potential in a <e2> speech </e2> before the conference .
Product-Producer(e1,e2)	A German <e1> company </e1> dug a <e2> pool </e2> on an outdoor running track and then covered it up .
Product-Producer(e1,e2)	The invisible hand , also known as the invisible hand of the market , is a <e1> metaphor </e1> first coined by the <e2> economist </e2> in The Theory of Moral Sentiments .
Product-Producer(e1,e2)	It was an artificial and unworkable <e1> creation </e1> of <e2> intellectuals </e2> supported by the great powers .
Product-Producer(e1,e2)	The satisfaction was complete - please find below a <e1> statement </e1> from the <e2> producer </e2> .
Product-Producer(e1,e2)	The gourmet <e1> cuisine </e1> seen throughout the film was prepared by <e2> chefs </e2> from the Food Network .
Product-Producer(e1,e2)	This is another false <e1> story </e1> fabricated by the <e2> sheriff </e2> .
Product-Producer(e1,e2)	The title is taken from an 1813 <e1> book </e1> by a Virginia <e2> planter </e2> and senator named John Taylor .
Product-Producer(e1,e2)	It is also illegal for anyone other than the <e1> drug </e1> 's <e2> manufacturer </e2> to re-import a prescription drug that was originally manufactured in the United States .
Product-Producer(e1,e2)	Factories accommodated large-scale manufacture and assembly of aircraft <e1> components </e1> by unskilled <e2> workers </e2> .
Product-Producer(e1,e2)	The ending consists of a long <e1> speech </e1> by the <e2> narrator </e2> informing us that `` there was no monster . ''
Product-Producer(e1,e2)	This lovely <e1> song </e1> by a virtually unknown <e2> quartet </e2> from Oklahoma epitomizes what a great wedding song is .
Product-Producer(e1,e2)	A <e1> book </e1> authored by an obscure Danish <e2> academic </e2> with little or no expertise in environmental science become an international media event .
Product-Producer(e1,e2)	They established that the Russian president 's academic credentials were based on a dissertation he had lifted in part verbatim from the Russian translation of a management <e1> study </e1> written by two <e2> professors </e2> at the University of Pittsburgh in 1978 .
Product-Producer(e1,e2)	A sensible , rational person reads a <e1> book </e1> written by a show-offy irrational <e2> intellectual </e2> and does n't like the book .
Product-Producer(e1,e2)	The Banko <e1> kilns </e1> were founded by the <e2> potter </e2> Nunami Ro-zan -LRB- 1718-77 -RRB- who often imitated the work of Kenzan -LRB- 1663-1743 -RRB- .
Product-Producer(e1,e2)	Quite a large part of the religious establishment was opposed to alchemy , but , given the fraudulent <e1> tripe </e1> written by most of the <e2> alchemists </e2> , that was no bad thing .
Product-Producer(e1,e2)	Smith was referring to the fictional Kazakhstani <e1> character </e1> created by the British <e2> comedian </e2> .
Product-Producer(e1,e2)	A <e1> statement </e1> from the <e2> campaign </e2> claimed that police knew quickly they had killed an innocent man .
Product-Producer(e1,e2)	In October , the group Reporters Without Borders , based in Paris , released an astonishing <e1> report </e1> by a Chinese Internet <e2> technician </e2> writing under the pseudonym `` Mr. Tao . ''
Product-Producer(e1,e2)	A gingerbread house <e1> creation </e1> by the culinary art <e2> students </e2> of Wake Tech was auctioned off at the Umstead Hotel in Cary .
Product-Producer(e1,e2)	<e1> Brickwork </e1> is masonry produced by a <e2> bricklayer </e2> , using bricks and mortar to build up brick structures such as walls .
Product-Producer(e1,e2)	The <e1> vaccine </e1> 's <e2> maker </e2> , the Irish drug company Elan , has stopped giving the shots to its 360 volunteers while doctors determine what caused this serious side effect .
Product-Producer(e1,e2)	This teaches that the <e1> body </e1> is procreated by the <e2> parents </e2> and the soul and spirit are directly created by God and placed in the body .
Product-Producer(e1,e2)	The third <e1> bid </e1> was from a window <e2> company </e2> that does its own installation .
Product-Producer(e1,e2)	They used prestige <e1> ratings </e1> obtained from academic <e2> deans </e2> , recruiters at firms , and prospective MBA candidates .
Product-Producer(e1,e2)	Under a giant silk <e1> cocoon </e1> created by an army of <e2> caterpillars </e2> , the shape of a Honda is just about visible .
Product-Producer(e1,e2)	A <e1> temple </e1> has been built by <e2> monks </e2> in northeast Thailand who used over a million recycled beer bottles to make the walls and roof .
Product-Producer(e1,e2)	When the Amendment was transcribed , the semicolon in the religious exemption portion was changed to a <e1> comma </e1> by the Senate <e2> scribe </e2> .
Product-Producer(e1,e2)	This panel once decorated the cover of a gospel <e1> book </e1> -LRB- now in the Hessisches Landesmuseum , Darmstadt -RRB- written and illuminated by a <e2> scribe </e2> named Liuthard .
Product-Producer(e1,e2)	The Vatican 's Pontifical Council for Social Communications has blessed an <e1> app </e1> developed by an Italian <e2> priest </e2> .
Product-Producer(e1,e2)	In this <e1> work </e1> the <e2> researchers </e2> , for the first time , attest that monopoles exist as emergent states of matter , i.e. they emerge from special arrangements of dipoles and are completely different from the constituents of the material .
Product-Producer(e1,e2)	In fact , this is not so far removed from the famous <e1> ziggurat </e1> , the huge building erected by the <e2> emperor </e2> to communicate with the god Marduk .
Entity-Origin(e1,e2)	As the little black <e1> train </e1> goes from <e2> station </e2> to station , Driver Zach picks up more and more silly passengers .
Entity-Origin(e1,e2)	The health medical insurance coverage for allergy kits , abortificants , and prescription <e1> drugs </e1> produced from <e2> blood </e2> or blood products is discussed .
Entity-Origin(e1,e2)	<e1> Eggs </e1> come out of the female 's <e2> body </e2> through the ovipositor .
Entity-Origin(e1,e2)	The <e1> statement </e1> comes from the writer 's <e2> knowledge </e2> and its ideas are fresh and original .
Entity-Origin(e1,e2)	A <e1> gift </e1> arrived from the politician 's big <e2> brother </e2> .
Entity-Origin(e1,e2)	As the <e1> train </e1> left the <e2> station </e2> a cool Spring rain pelted the windows .
Entity-Origin(e1,e2)	In Europe the <e1> fuel </e1> is distilled from canola <e2> oil </e2> .
Entity-Origin(e1,e2)	For the locative she includes a <e1> photocopy </e1> from Collier 's <e2> encyclopedia </e2> under the header Zwickau which has the text dating the city from at least 1471 .
Entity-Origin(e1,e2)	ER physicians trying to save an <e1> eyeball </e1> that has popped out of an accident victim 's <e2> head </e2> .
Entity-Origin(e1,e2)	We repositioned ourselves and our events , thus attracting <e1> scientists </e1> from complementary <e2> disciplines </e2> .
Entity-Origin(e1,e2)	Later in the year , from November to April , the black <e1> flood </e1> arrives from the upper <e2> reaches </e2> of the river beyond Timbuktu .
Entity-Origin(e1,e2)	The first <e1> wine </e1> was pressed from Cape <e2> grapes </e2> on February 2 , 1659 .
Entity-Origin(e1,e2)	In this beautiful re-imagining , the <e1> story </e1> starts in an <e2> orphanage </e2> and moves to a magical land where the sweets have a sexual subtext .
Entity-Origin(e1,e2)	Most of the <e1> vapor </e1> that is in the air evaporated from the surface of the <e2> oceans </e2> .
Entity-Origin(e1,e2)	After 1890 the <e1> house </e1> was moved from its original <e2> location </e2> to the complex of outbuildings next to the present Ross home .
Entity-Origin(e1,e2)	The <e1> bytecodes </e1> compiled from a nonoptimized control <e2> structure </e2> are illustrated by the following hypothetical method in Collection .
Entity-Origin(e1,e2)	On each occasion the search <e1> parties </e1> departed from Commissioner Tyers 's <e2> headquarters </e2> at Eagle Point overlooking Lake King .
Entity-Origin(e1,e2)	Your garden does well with either of these soils since these <e1> soils </e1> come from a reputable <e2> dealer </e2> .
Entity-Origin(e1,e2)	This <e1> plane </e1> taxied back from <e2> runway </e2> 22R to business apron after aborted takeoff .
Entity-Origin(e1,e2)	The G-53 ended its statement with one of the many speculations that have arisen from the <e1> president </e1> 's contentious departure from the <e2> country </e2> .
Entity-Origin(e1,e2)	Maybe a few times my <e1> boobs </e1> have popped out of an <e2> outfit </e2> but that happens .
Entity-Origin(e1,e2)	In New York , I had dinner with a <e1> friend </e1> who graduated from a prominent evangelical <e2> college </e2> ; he was active in a pro Israel student organization .
Entity-Origin(e1,e2)	After the <e1> emperor </e1> had left the <e2> room </e2> , he turned to his attendants .
Entity-Origin(e1,e2)	Some cycles depend on the <e1> results </e1> from previous <e2> cycles </e2> .
Entity-Origin(e1,e2)	<e1> Polonium </e1> is distilled from <e2> bismuth </e2> under vacuum in a pot provided with a cover carrying a condenser which is positioned inside the pot .
Entity-Origin(e1,e2)	<e1> Compassion </e1> was originally from a <e2> people </e2> known as the Remote , a splinter group of the time travelling voodoo cult Faction Paradox .
Entity-Origin(e1,e2)	The <e1> focus </e1> is going away from the display <e2> button </e2> .
Entity-Origin(e1,e2)	Pharmacognosy is the study of crude <e1> drugs </e1> obtained from <e2> plants </e2> , animals and mineral kingdom .
Entity-Origin(e1,e2)	The <e1> boy </e1> runs away from the <e2> school </e2> when he sees his father 's insensitivity , but the teacher and his other friends bring him back .
Entity-Origin(e1,e2)	His favorite <e1> wine </e1> was made with the Loire Valley red wine <e2> grape </e2> .
Entity-Origin(e1,e2)	It was the whole world to a sun <e1> boy </e1> who was born in a refugee <e2> camp </e2> .
Entity-Origin(e1,e2)	The <e1> difficulties </e1> in developing Vista stemmed from its monolithic <e2> structure </e2> and the need for ` backwards compatibility ' , i.e. ensuring that software used by customers on older versions of Windows will work under Vista .
Component-Whole(e2,e1)	They presented passive brass piezo mono contact <e1> microphone </e1> with high quality 1/4 '' male output <e2> plug </e2> .
Component-Whole(e2,e1)	The <e1> kitchen </e1> holds a <e2> cooker </e2> , fridge , microwave oven , in short ; everything you need if you want to prepare a light meal .
Component-Whole(e2,e1)	My <e1> pug </e1> has little bumps under his <e2> chin </e2> .
Component-Whole(e2,e1)	On <e1> boats </e1> with only one <e2> jib </e2> , it is common for the clew of the jib to be further aft than the mast , meaning the jib and mainsail overlap .
Component-Whole(e2,e1)	The <e1> horse </e1> stretches its <e2> nuzzle </e2> towards the boy .
Component-Whole(e2,e1)	The wastewater treatment <e1> plant </e1> processes the influent using a ultra-violet light <e2> system </e2> to kill the bacteria prior to outflow .
Component-Whole(e2,e1)	It 's a <e1> fish </e1> with <e2> lungs </e2> , and it can survive on land for brief periods .
Component-Whole(e2,e1)	The <e1> recommendations </e1> contained the following <e2> key points </e2> and highlights .
Component-Whole(e2,e1)	<e1> Strings </e1> in the <e2> clavichord </e2> run transversely from the hitchpin rail at the left-hand end to tuning pegs on the right .
Component-Whole(e2,e1)	He was very careful to see that the bit of the <e1> ax </e1> comes in direct line with the <e2> helve </e2> .
Component-Whole(e2,e1)	The northern half of the <e1> block </e1> includes a <e2> parking structure </e2> with five levels .
Component-Whole(e2,e1)	The <e1> apartment </e1> comprises a large open plan reception room with direct access to a west facing <e2> balcony </e2> and stripped and polished floors .
Component-Whole(e2,e1)	The steel Z-shaped <e1> stent </e1> was made with a steel guide <e2> wire </e2> -LRB- 0.2 mm in diameter -RRB- , covered with the vascular graft , and fixed to the graft wall with multiple interrupted sutures .
Component-Whole(e2,e1)	Each side of the <e1> clock </e1> has a <e2> button </e2> that , when pressed , starts the other team 's timer running .
Component-Whole(e2,e1)	The contents of the <e1> workshop </e1> included a <e2> discussion </e2> on various documents in respect of exports , imports and documents relating to letters of credit .
Component-Whole(e2,e1)	The Rabbit wine <e1> opener </e1> even automatically releases the cork from the <e2> spiral </e2> .
Component-Whole(e2,e1)	This <e1> train </e1> 's <e2> windows </e2> are elegantly curtained .
Component-Whole(e2,e1)	This is the same basic <e1> mechanism </e1> at work in a <e2> vacuum cleaner </e2> , though the execution is a bit more complicated .
Component-Whole(e2,e1)	Coquina is a poorly consolidated <e1> limestone </e1> composed of <e2> pieces </e2> of coral or shells .
Component-Whole(e2,e1)	It was a whole flying <e1> wedge </e1> of white <e2> swans </e2> flying over Wall Street marking the market in their own charming way .
Component-Whole(e2,e1)	The <e1> booby trap </e1> Puller stepped on was made with a <e2> howitzer shell </e2> .
Component-Whole(e2,e1)	The <e1> results </e1> are often displayed in <e2> charts </e2> or written as narratives .
Component-Whole(e2,e1)	I am looking for <e1> jeans </e1> with a <e2> zipper </e2> all the way from the waistband in front to the waistband in the back .
Component-Whole(e2,e1)	This is due to a unique <e1> design </e1> that filters the dirt through the <e2> bag </e2> and not the blower fan .
Component-Whole(e2,e1)	The <e1> commander </e1> sawed logs with his <e2> neck </e2> hanging radically from one medieval arm while his feet hung three feet above the hardwood floor on the other side .
Component-Whole(e2,e1)	Many simple DC power <e1> supplies </e1> regulate the voltage using a shunt <e2> regulator </e2> such as a zener diode .
Component-Whole(e2,e1)	The original <e1> play </e1> was filled with very topical <e2> humor </e2> , so the director felt free to add current topical humor to the script .
Component-Whole(e2,e1)	A <e1> house </e1> that contains a minimum of three <e2> bedrooms </e2> and a maximum of seven bedrooms to include the proprietor 's bedroom is considered to be a `` B&B '' -LRB- a Town or Country Home or a Farmhouse -RRB- .
Component-Whole(e2,e1)	Mixing the best spirit of punk with a rock musician 's technical ability , the 36 minutes blur past in a furious <e1> menage </e1> of soloing <e2> guitars </e2> , crunching rhythm and fantastic lead vocals .
Component-Whole(e2,e1)	In particular , the <e1> system </e1> convinced the jury with its advanced speech recognition <e2> module </e2> and a successful dialog .
Component-Whole(e2,e1)	The <e1> mouse </e1> has left and right <e2> buttons </e2> on top , 4-Direction scroll ball between them .
Component-Whole(e2,e1)	He has always waited patiently in the studio until his <e1> master </e1> 's <e2> voice </e2> signals that it was time to go home .
Content-Container(e2,e1)	A <e1> suitcase </e1> full of <e2> marihuana </e2> was found by the pilot of a searching helicopter near the side of the road at a place where tire tracks could be observed pulling off the edge of the road .
Content-Container(e2,e1)	Because we made observations , we know the fate of the <e1> cat </e1> in the <e2> box </e2> .
Content-Container(e2,e1)	The mechanism whereby air enters the skull could perhaps be compared to that in which air enters a <e1> bottle </e1> full of <e2> liquid </e2> .
Content-Container(e2,e1)	To the right of that is a <e1> cup </e1> with <e2> soil </e2> inside .
Content-Container(e2,e1)	The <e1> envelope </e1> contained a <e2> DVD </e2> of her mother .
Content-Container(e2,e1)	I always carry a <e1> suitcase </e1> with my <e2> clothes </e2> in it .
Content-Container(e2,e1)	The <e1> contents </e1> of the bag included numerous <e2> flyers </e2> from other conference sponsors and exhibitors and some useful stationery supplies .
Content-Container(e2,e1)	The chosen <e1> volume </e1> contains <e2> software </e2> which is newer than the software you are installing .
Content-Container(e2,e1)	A <e1> suitcase </e1> with his <e2> things </e2> in it was on the doorstep .
Content-Container(e2,e1)	U.S. Customs and Border Protection officers stopped a drug-smuggling attempt when they seized a <e1> suitcase </e1> full of <e2> marijuana </e2> .
Content-Container(e2,e1)	This is a small glass <e1> bottle </e1> with <e2> iodine crystals </e2> in it .
Content-Container(e2,e1)	Although the guards searched his car and opened a <e1> suitcase </e1> with <e2> tracts </e2> in it they did not notice the illegal materials .
Content-Container(e2,e1)	The <e1> wallet </e1> contained a driver 's license , <e2> passport </e2> , a couple credit cards and $ 16 in cash .
Content-Container(e2,e1)	About 3 % of 2-4 year olds show marked dental decay due to sleeping with a <e1> bottle </e1> full of <e2> juice </e2> or milk .
Content-Container(e2,e1)	A <e1> suitcase </e1> with some <e2> clothing </e2> in it had been left by my bed earlier in the week .
Content-Container(e2,e1)	Ten years ago I started bringing a <e1> suitcase </e1> full of odd <e2> props </e2> to schools and libraries all over the world .
Content-Container(e2,e1)	A <e1> suitcase </e1> with a <e2> bomb </e2> in it is carried around .
Content-Container(e2,e1)	A Boy Scout in North Carolina found a <e1> purse </e1> with <e2> money </e2> in it .
Content-Container(e2,e1)	We dissolved the contents of one packet in a <e1> carafe </e1> of <e2> water </e2> and ran the brew cycle .
Content-Container(e2,e1)	An Israeli woman mistakenly threw out a <e1> mattress </e1> with <e2> money </e2> inside , setting off a frantic search through tons of garbage at a number of landfill sites .
Content-Container(e2,e1)	Ken put a thermometer in a <e1> glass </e1> filled with hot <e2> water </e2> .
Content-Container(e2,e1)	Accompained by two Seneca Indians , he set out on snow shoes with a forty pound <e1> pack </e1> of <e2> clothing </e2> and books to traverse that long and perilous trail .
Content-Container(e2,e1)	A <e1> basket </e1> such as you mention holds four <e2> ears </e2> of corn .
Content-Container(e2,e1)	The <e1> box </e1> contained 126 <e2> recipes </e2> , mostly written in pen in neatly rounded script .
Content-Container(e2,e1)	On my trip , I brought with me a <e1> suitcase </e1> full of <e2> school supplies </e2> .
Content-Container(e2,e1)	In Japan I was able to bring a <e1> bottle </e1> with <e2> water </e2> in it through security on my way to Singapore .
Content-Container(e2,e1)	The <e1> fruit basket </e1> contained <e2> apples </e2> , oranges and bananas .
Content-Container(e2,e1)	So with my little <e1> bag </e1> full of <e2> buttons </e2> , I faced the cold , blustery day to carry out some of these lovely ideas .
Content-Container(e2,e1)	Be careful , because just one little clove imparts a terrific amount of spice to a <e1> bottle </e1> full of <e2> rum </e2> .
Content-Container(e2,e1)	At the time of the incident the front <e1> tank </e1> was full of <e2> molasses </e2> , the middle two tanks were empty and the rear tank had just been emptied .
Content-Container(e2,e1)	Police investigating the discovery of a severed head on a British beach have found a <e1> suitcase </e1> full of <e2> body parts </e2> in a nearby harbour .
Content-Container(e2,e1)	In her dentist dad 's office , with the help of her brother Norman she finds a <e1> bottle </e1> full of pulled <e2> teeth </e2> .
Entity-Origin(e2,e1)	The <e1> site </e1> is currently dry farmed for <e2> wheat </e2> .
Entity-Origin(e2,e1)	Today 75 % of the <e1> county </e1> is intensively farmed for <e2> corn </e2> , soybeans , oats , and alfalfa with emphasis on dairy production .
Entity-Origin(e2,e1)	A popular local <e1> restaurant </e1> is the source of an <e2> outbreak </e2> linked to Salmonella .
Entity-Origin(e2,e1)	Although the <e1> goats </e1> were farmed for their <e2> fibre </e2> from early times it was not until the 16th century that export of the goats was permitted .
Entity-Origin(e2,e1)	The Tuxtlas <e1> area </e1> is the source of the olivine-augite <e2> basalts </e2> .
Entity-Origin(e2,e1)	In some Asian countries , including China , Malaysia and the Philippines , the <e1> turtles </e1> are farmed for <e2> food </e2> .
Entity-Origin(e2,e1)	The <e1> sub-catchment </e1> is farmed primarily for <e2> beef sucklers </e2> with a single dairy enterprise and a single poultry unit so the land use is entirely grassland .
Entity-Origin(e2,e1)	The <e1> land </e1> was farmed for <e2> cattle </e2> , but segments of the forests were sold off and the chapel fell into disrepair .
Entity-Origin(e2,e1)	The region 's <e1> forests </e1> also provide minor forest produce such as posts and poles , other hewn timber , <e2> firewood </e2> , wood chop blocks and specialty timbers .
Entity-Origin(e2,e1)	It is set in a future in which the <e1> oceans </e1> are farmed for <e2> food </e2> .
Entity-Origin(e2,e1)	<e1> Eucharist </e1> is the source of the Church 's <e2> mission </e2> .
Entity-Origin(e2,e1)	The <e1> land </e1> surrounding the lakes is extensively farmed for <e2> wheat </e2> , while elsewhere in the National Park the steppe is heavily grazed by domestic livestock .
Entity-Origin(e2,e1)	The man took <e1> driver </e1> 's <e2> keys </e2> until the arrival of police , thus preventing him from leaving .
Entity-Origin(e2,e1)	The candle <e1> wax </e1> is the main ingredient needed for making <e2> candles </e2> of all types .
Entity-Origin(e2,e1)	The burning <e1> fuel </e1> produces exhaust <e2> gases </e2> , which , when forced out the nozzle , produce thrust , moving the rocket in the other direction .
Entity-Origin(e2,e1)	The <e1> land </e1> was farmed for <e2> olives </e2> and a few other crops .
Entity-Origin(e2,e1)	When man sinned , the occasion of his fall was a tree , and the <e1> ground </e1> cursed brought forth <e2> thorns </e2> .
Entity-Origin(e2,e1)	In this constitution the <e1> people </e1> was the source of all <e2> powers </e2> , but it exercised none .
Entity-Origin(e2,e1)	However , in general the theory languished until 1984 when an international meeting was organized in Kona , Hawaii , about the <e1> origin </e1> of the <e2> moon </e2> .
Entity-Origin(e2,e1)	The <e1> island </e1> was farmed for <e2> oats </e2> and barley until 1796 when the owner mandated that oak and alder trees be planted .
Entity-Origin(e2,e1)	Marcus stabs one of the attackers with a screwdriver and we see the impact , as well as the <e1> victim </e1> painfully removing the <e2> screwdriver </e2> .
Entity-Origin(e2,e1)	Heavy-gauge <e1> flatware </e1> is composed of polished stainless <e2> steel </e2> for good heft and balance .
Entity-Origin(e2,e1)	The outer <e1> core </e1> is the source of the geomagnetic <e2> field </e2> .
Entity-Origin(e2,e1)	In other words , when the <e1> teacher </e1> is the source of the <e2> information </e2> , the learning path tends to be teacher-to-learner .
Entity-Origin(e2,e1)	Natural rubber latex or synthetic <e1> rubber </e1> is the main ingredient used for making rubber latex dipped <e2> products </e2> .
Entity-Origin(e2,e1)	There have been various stories about the <e1> origin </e1> of the Chinese <e2> script </e2> , with nearly all ancient writers attributing it to a man named Cangjie .
Entity-Origin(e2,e1)	The Perrault <e1> version </e1> is the source of the most familiar Cinderella <e2> tale </e2> .
Entity-Origin(e2,e1)	Not too long ago , the <e1> grass </e1> was farmed for <e2> hay </e2> ; then , it was ditched for mosquito control .
Entity-Origin(e2,e1)	The dark <e1> heartwood </e1> is the source of the brilliant red dye <e2> hematoxylin </e2> .
Entity-Origin(e2,e1)	Then the <e1> king </e1> handed the <e2> key </e2> to the queen , telling her , `` Be warned that whoever lets the serpent escape will be hung '' .
Entity-Origin(e2,e1)	Some of the <e1> land </e1> was farmed for <e2> coffee </e2> in the past , but it is now mostly native vegetation -LRB- with some emergent trees -RRB- .
Instrument-Agency(e1,e2)	Francisco Garcia Lorca sees the <e1> horse </e1> carrying the <e2> rider </e2> , against his will , to his death .
Instrument-Agency(e1,e2)	Most importantly , the increase in BOLD activity in these regions was independent of the motor <e1> system </e1> that the <e2> participants </e2> used to express their decision .
Instrument-Agency(e1,e2)	The <e1> stethoscope </e1> gives the <e2> doctor </e2> clues as to the presence or absence of pathology .
Instrument-Agency(e1,e2)	By contrast , the <e1> robot </e1> lets the <e2> operator </e2> just queue raw stock and walk away , returning later to pick up completed parts in the unload queue .
Instrument-Agency(e1,e2)	The best <e1> spikes </e1> for <e2> knights </e2> are Hook + Big Weel and Death Strike + Dragon divide .
Instrument-Agency(e1,e2)	Pot supports are used in the <e1> stove </e1> to protect the <e2> cook </e2> from the heat .
Instrument-Agency(e1,e2)	The <e1> program </e1> assists separating <e2> families </e2> in high conflict over parenting arrangements .
Instrument-Agency(e1,e2)	It just so happened that the <e1> horse </e1> bucked the <e2> rider </e2> and threw him into a mud-puddle .
Instrument-Agency(e1,e2)	A <e1> van </e1> used by <e2> debtors </e2> in the business of transporting passengers was a tool of the trade for lien avoidance purposes .
Instrument-Agency(e1,e2)	Critics of the industry maintain that private military and security <e1> companies </e1> are used by <e2> governments </e2> in order to circumvent attention .
Instrument-Agency(e1,e2)	The second stage , referred to as the optimizer , optimizes the code according to the various switches on the <e1> compiler </e1> set by the <e2> programmer </e2> .
Instrument-Agency(e1,e2)	There is an exhaust vent and a cable to start the engine , just like a <e1> petrol </e1> driven <e2> lawnmower </e2> .
Instrument-Agency(e1,e2)	The <e1> installation </e1> powered a 100 horsepower -LRB- 75 kW -RRB- synchronous <e2> motor </e2> at Telluride .
Instrument-Agency(e1,e2)	The <e1> gavel </e1> helps the <e2> judge </e2> establish his or her rule over the court room .
Instrument-Agency(e1,e2)	We present a <e1> perception </e1> driven autonomous urban <e2> vehicle </e2> .
Instrument-Agency(e1,e2)	This is the best <e1> armor </e1> for <e2> knights </e2> .
Instrument-Agency(e1,e2)	The <e1> generator </e1> powered a nearby aluminium <e2> factory </e2> , considered vital to the German war effort .
Instrument-Agency(e1,e2)	Just as the <e1> net </e1> enables the <e2> fisherman </e2> to catch many fish in one go , the pattern was favored by the samurai as it symbolized victory over many opponents at one time .
Instrument-Agency(e1,e2)	For other useful ideas on how to use e-texts to aide literary analysis the girls read Robert Harris 's `` The personal <e1> computer </e1> as a tool for <e2> student </e2> literary analysis '' .
Instrument-Agency(e1,e2)	A <e1> car battery </e1> powered a <e2> laptop computer </e2> connected to a small , portable satellite antenna .
Instrument-Agency(e1,e2)	It 's a best mobile <e1> terminal </e1> for a <e2> programmer </e2> or geek .
Instrument-Agency(e1,e2)	The <e1> electricity </e1> used for distillery <e2> operations </e2> has been estimated at 12.9 kWh/tonne cane , with a best available technology rate of 9.6 kWh/tonne cane .
Instrument-Agency(e1,e2)	PlanetCAD offers the best <e1> tools </e1> for <e2> engineers </e2> and now the whole industry is following .
Instrument-Agency(e1,e2)	Tarps Plus has the best <e1> tarps </e1> for <e2> painters </e2> on the market .
Instrument-Agency(e1,e2)	A good off road <e1> vehicle </e1> is the best tool for a <e2> photographer </e2> with a sense of adventure .
Instrument-Agency(e1,e2)	From the quotes by Frederick Law Olmstead , to the philosophy of making art , this is one of the best <e1> websites </e1> for <e2> painters </e2> and artists out there .
Instrument-Agency(e1,e2)	Other keyed string <e1> instruments </e1> , small enough to be held by a strolling <e2> player </e2> , include the plucked autoharp , the bowed nyckelharpa , and the hurdy gurdy , which is played by cranking a rosined wheel .
Instrument-Agency(e1,e2)	The woods that furnish the best <e1> charcoal </e1> for <e2> painters </e2> are the beech and vine .
Instrument-Agency(e1,e2)	The event featured a demonstration of weaving on a <e1> loom </e1> by local <e2> weaver </e2> Nancy Alexander .
Instrument-Agency(e1,e2)	This orange marigold was the <e1> flower </e1> that <e2> people </e2> used to remember their dead by .
Instrument-Agency(e1,e2)	On the other hand , sentry <e1> tools </e1> are used by <e2> sentries </e2> in order to defend against spies .
Instrument-Agency(e1,e2)	The <e1> drill </e1> enables the <e2> dentist </e2> to accomplish these procedures quickly and reduces the trauma to oral tissues .
